deal_id,announced_date,deal_type,status,target_or_issuer,acquirer_or_investor,sector,geography,transaction_value,enterprise_value,currency,stake_percent,payment_form,advisors,revenue_ltm,ebitda_ltm,financials_as_of,financials_currency,ev_revenue,ev_ebitda,instrument,rationale,score,evidence_label,matched_coverage,source_name,source_url,headline,first_seen_at,last_seen_at,notes
DL-moex-101492,2026-06-26,DCM,Reported,Not disclosed,Not applicable,Not classified,Russia,,,NOT DISCLOSED,,Not applicable,Not disclosed,,,Not disclosed,Not disclosed,,,Bonds,Not disclosed,7,confirmed,,MOEX disclosure,https://www.moex.com/n101492,"О регистрации выпуска биржевых облигаций, о включении его в Список ценных бумаг, допущенных к торгам, и о присвоении указанным биржевым облигациям регистрационного номера",2026-06-28T00:41:49+00:00,2026-06-28T04:41:59+00:00,Screening record; verify against primary transaction documents.
DL-moex-101473,2026-06-26,DCM,Reported,О регистрации проспекта биржевых облигаций,Not applicable,Not classified,Russia,,,NOT DISCLOSED,,Not applicable,Not disclosed,,,Not disclosed,Not disclosed,,,Bonds,Not disclosed,7,confirmed,,MOEX disclosure,https://www.moex.com/n101473,О регистрации проспекта биржевых облигаций,2026-06-28T00:41:49+00:00,2026-06-28T04:41:59+00:00,Screening record; verify against primary transaction documents.
DL-moex-101468,2026-06-26,DCM,Reported,О регистрации изменений в эмиссионные документы,Not applicable,Not classified,Russia,,,NOT DISCLOSED,,Not applicable,Not disclosed,,,Not disclosed,Not disclosed,,,Bonds,Not disclosed,7,confirmed,,MOEX disclosure,https://www.moex.com/n101468,О регистрации изменений в эмиссионные документы,2026-06-28T00:41:49+00:00,2026-06-28T04:41:59+00:00,Screening record; verify against primary transaction documents.
DL-moex-101457,2026-06-26,DCM,Reported,Not disclosed,Not applicable,Financials,Not disclosed,,,NOT DISCLOSED,,Not applicable,Not disclosed,,,Not disclosed,Not disclosed,,,Bonds,Not disclosed,7,confirmed,,MOEX disclosure,https://www.moex.com/n101457,О порядке сбора заявок и заключения сделок при размещении облигаций серии Б-1-403 Банк ВТБ (публичное акционерное общество) с 29 июня 2026 года,2026-06-28T00:41:49+00:00,2026-06-28T04:41:59+00:00,Screening record; verify against primary transaction documents.
DL-moex-101454,2026-06-26,DCM,Reported,Not disclosed,Not applicable,Financials,Russia,,,NOT DISCLOSED,100.0,Not applicable,Not disclosed,,,Not disclosed,Not disclosed,,,Bonds,Not disclosed,7,confirmed,,MOEX disclosure,https://www.moex.com/n101454,"О порядке приобретения облигаций серии 001P-04 ООО ""АРЕНЗА-ПРО"" с 29 июня 2026 год",2026-06-28T00:41:49+00:00,2026-06-28T04:41:59+00:00,Screening record; verify against primary transaction documents.
DL-moex-101451,2026-06-26,DCM,Reported,О проведении выкупа облигаций с 29 июня по 03 июля 2026 года,Not applicable,Not classified,Not disclosed,,,NOT DISCLOSED,,Not applicable,Not disclosed,,,Not disclosed,Not disclosed,,,Bonds,Not disclosed,7,confirmed,,MOEX disclosure,https://www.moex.com/n101451,О проведении выкупа облигаций с 29 июня по 03 июля 2026 года,2026-06-28T00:41:49+00:00,2026-06-28T04:41:59+00:00,Screening record; verify against primary transaction documents.
DL-moex-101450,2026-06-26,DCM,Reported,Not disclosed,Not applicable,Not classified,Russia,,,NOT DISCLOSED,,Not applicable,Not disclosed,,,Not disclosed,Not disclosed,,,Bonds,Not disclosed,7,confirmed,,MOEX disclosure,https://www.moex.com/n101450,"Дополнительные условия проведения торгов по выкупу облигаций серии 003Р-02 ООО ""Концерн ""РОССИУМ"" 26 июня 2026 года",2026-06-28T00:41:49+00:00,2026-06-28T04:41:59+00:00,Screening record; verify against primary transaction documents.
DL-bec65812ff9fcfae,2026-06-24,DCM,Announced,Selectel,Not applicable,Not classified,Russia,5000000000.0,,RUB,,,,,,,,,,Bonds,рефинансирования и инвестиций,4,unverified,,ComNews.ru,https://news.google.com/rss/articles/CBMi1AFBVV95cUxOZ0FzQTE1TUJkMGFCVjZuNTBGY0JwNTZBaS16Wnl0NW9XSXBmNFlTRUJacXFlV0tYdUxpUTZTWVhNWk4wYll4a3dZZEU2ZFYzZ2d6T2YwUl85bGlXZGRpN3NiTXJwcnExdzBVVkx6YWV1eExnOFJlcmlDb21UTG5KQWozVTNhX0VwNDVmdnFYTEQwcFpENjdHMjhEX01fTERSUHpsNkE2a3FESkdwbzEzbGRsXzB6MWFlVW80Ri1fa0JYdDVKNEhMZml2WmtiSWYyV2tuZA?oc=5,Selectel разместит облигации на 5 млрд руб. для рефинансирования и инвестиций - ComNews.ru,2026-06-27T19:39:21+00:00,2026-06-27T19:56:53+00:00,Screening record; verify against primary transaction documents.
DL-48bd4fc3fa031e6c,2026-06-19,DCM,Issued,Yandex,Not applicable,Technology,Russia,60000000000.0,,RUB,,Not applicable,Not disclosed,,,Not disclosed,Not disclosed,,,Bonds,"частных инвесторов Яндекса содержит информацию про бизнесы и технологии компании, а также географию присутствия, финансовые результаты, важные новости и многое другое о компании и её рынках",7,confirmed,YDEX,Yandex Investor Relations,https://ir.yandex.ru/press-releases?year=2026&id=19-06-2026-03,Яндекс разместил два выпуска биржевых облигаций на общую сумму 60 млрд рублей,2026-06-28T00:41:49+00:00,2026-06-28T04:41:59+00:00,Screening record; verify against primary transaction documents.
DL-9092ffd6a36a0a81,2026-06-10,DCM,Reported,Норникель,Not applicable,Not classified,Not disclosed,3000000000.0,,RUB,,Not applicable,Not disclosed,,,Not disclosed,Not disclosed,,,Bonds,Not disclosed,3,unverified,,Интерфакс,https://news.google.com/rss/articles/CBMiUkFVX3lxTE1YcWRJT1pJS3JQYUlDcVBxQmRrd2JFXzdidEJQMkRoTFVIRlBDUnQ5ZjNSMFZGamhRQ1hoTXFwaUVQMW1PZldFWWhvSzdOdmtSQnfSAUtBVV95cUxQWkQ5UHd5NFJieHBKUTVCZURpX1dEWmM4a2FnOXJ3aUREYi04ZGFUclFMNUxBdU1EMFVYWUU4MlhCaXJfTy1NZlVNXzg?oc=5,"""Норникель"" зафиксировал объем размещения облигаций на уровне 3 млрд юаней - Интерфакс",2026-06-28T04:28:06+00:00,2026-06-28T04:28:06+00:00,Screening record; verify against primary transaction documents.
DL-f71ff729dc9f5af4,2026-06-08,DCM,Reported,Yandex,Not applicable,Not classified,Not disclosed,,,NOT DISCLOSED,,Not applicable,Not disclosed,,,Not disclosed,Not disclosed,,,Bonds,Not disclosed,4,unverified,YDEX,Финам,https://news.google.com/rss/articles/CBMi0AFBVV95cUxOSmlOMWRURDFvUlZqYktKazJXOFhWR1ZMamNuTGF2QlJ0YmIxTmF6RDMtSHF1Y2RTRkc5QWlnZXQ3WUdUMTB4QUNzUy0zT3I2eGJZSW1DWUxaVDlvR1lrNVhZZ3kybDNrb0tXd0FqMkxHQXNWRFhjcFp0MUI3alRKN1BWdlBSN2V2VWphOUxBQkNjc0l1UDF4WTRKZXkxNHlzSmhIRkhmR2pXc1pKLVV4MzJIN0pLZlVkQ3JvZ2d4aFphcXJkd0F3Z1VKYmdPUUdJ?oc=5,«Яндекс» вновь выходит на долговой рынок: разбор двойного размещения облигаций - Финам,2026-06-28T04:28:06+00:00,2026-06-28T04:28:06+00:00,Screening record; verify against primary transaction documents.
DL-c0e4b0469b5eb473,2026-06-04,M&A,Reported,Not disclosed,Ozon,Not classified,Not disclosed,,,NOT DISCLOSED,,Not disclosed,Not disclosed,,,Not disclosed,Not disclosed,,,Acquisition / disposal,Not disclosed,4,unverified,OZON,БКС Экспресс,https://news.google.com/rss/articles/CBMioAFBVV95cUxQM0RKYTRnLW8xX0tVdnh1S3RBQ25IUTNrRGtWSTRudTJVU3A3UXpmZjZCR2ItX2NQNmN1aXdPYUpDN0paWHBfUjBNd2xrWWl6Mk9Zel9MREpqcXl1RUpoUXB2MWNPdFBoYV94Mm0zNkVtcVZFM050R2Jqc2ZKQVdlbkVhVmhuNXZpQWd5STAzOW9fYndtQTBpM0JLTWJmMjlq?oc=5,Греф опроверг договоренность Сбера о покупке доли в Озоне - БКС Экспресс,2026-06-28T04:28:06+00:00,2026-06-28T04:28:06+00:00,Screening record; verify against primary transaction documents.
DL-2e27ebc506e38656,2026-06-03,M&A,Completed,Авто.ру,Т-Технологии,Technology,Not disclosed,,,NOT DISCLOSED,,Not disclosed,Not disclosed,,,Not disclosed,Not disclosed,,,Acquisition / disposal,Not disclosed,6,unverified,YDEX,БКС Экспресс,https://news.google.com/rss/articles/CBMiowFBVV95cUxNQ0ZvSEhWU1BqUzkyWi1YOWNOR0lab1kxRldxMFV5YllQQWp4Y0xFcjNLTXpHMUFJcnhicWI2RGNuUWRpUndBS0ZlQ2U0c05yWDlTeWZnWG05QjhZR0VWVW5IV19aSkdwa0d1UWpMWC1tLWdicjNtUVk4M2QtbFhsQkFxejdjZ2lLNDYxWTlwUWwyMzhqZ20zelY5SkZpZjBjYzZv?oc=5,Т-Технологии закрыли сделку по покупке Авто.ру у Яндекса - БКС Экспресс,2026-06-28T04:28:06+00:00,2026-06-28T04:28:06+00:00,Screening record; verify against primary transaction documents.
DL-360af9a222272dcf,2026-06-02,M&A,Completed,Not disclosed,Yandex,Technology,Not disclosed,,,NOT DISCLOSED,,Not disclosed,Not disclosed,,,Not disclosed,Not disclosed,,,Acquisition / disposal,"частных инвесторов Яндекса содержит информацию про бизнесы и технологии компании, а также географию присутствия, финансовые результаты, важные новости и многое другое о компании и её рынках",9,confirmed,YDEX,Yandex Investor Relations,https://ir.yandex.ru/press-releases?year=2026&id=02-06-2026-04,Яндекс закрыл сделку по продаже Авто.ру,2026-06-28T00:41:49+00:00,2026-06-28T04:41:59+00:00,Screening record; verify against primary transaction documents.
DL-a78cf0af94927306,2026-06-02,M&A,Reported,Not disclosed,Yandex,Technology,Russia,35000000000.0,,RUB,,Not disclosed,Not disclosed,,,Not disclosed,Not disclosed,,,Acquisition / disposal,Not disclosed,4,unverified,YDEX,Финам,https://news.google.com/rss/articles/CBMilgFBVV95cUxQWFk5YjhpaHc0S3BiTEpUVzFndHdkTDVmY0EtRDhFQ0pYcjBvWUF3V3FZUFhaUjhEQ1FXT0FDdWU1dGdtVmJ1Z1l5bmhGcVBwdjhsWTZVNG10dWhmTlNGbGZqV2cwRUoyaEdZS3c0dEx1MV8ySGpfX2ljQnhfemFELThnSDc3T09JZ1lOZW45Yk93YmYyb3c?oc=5,"""Яндекс"" продал ""Авто.ру"" ""Т-Технологиям"" за 35 млрд рублей - Финам",2026-06-28T04:28:06+00:00,2026-06-28T04:28:06+00:00,Screening record; verify against primary transaction documents.
DL-a4f6a4524ddca358,2026-05-28,M&A,Reported,Not disclosed,Ozon,Not classified,Not disclosed,,,NOT DISCLOSED,,Not disclosed,Not disclosed,,,Not disclosed,Not disclosed,,,Acquisition / disposal,Not disclosed,5,unverified,OZON,Интерфакс,https://news.google.com/rss/articles/CBMiUkFVX3lxTE9GMUxsS2ZKR2JaU2ZhY1hRSmoteVVNM1V6U2pJQnFGblRETXk1b0pLLXl3VXNvREgwdVg4dmNyc3VBVWxFZ1ZjUmxILXlrWU80VVHSAUtBVV95cUxPM21YSmF3aGRJQThYblp1MEEyNGNLSnR0SzlnTG1ITWtJWXY5bU1Jdm9kWU5nRjRYOUoxRlFscTB5X2NHVUlWYmtDX0k?oc=5,"""Ъ"" сообщил о переговорах структур Сбера с АФК ""Система"" о покупке доли в Ozon - Интерфакс",2026-06-28T04:28:06+00:00,2026-06-28T04:28:06+00:00,Screening record; verify against primary transaction documents.
DL-e08040bba3b952c1,2026-05-28,M&A,Reported,Not disclosed,Yandex,Not classified,Not disclosed,,,NOT DISCLOSED,,Not disclosed,Not disclosed,,,Not disclosed,Not disclosed,,,Acquisition / disposal,Not disclosed,4,unverified,YDEX,Финам,https://news.google.com/rss/articles/CBMirAFBVV95cUxNSlk2WU9xYjNqM1AwRkNGOV9BYnhzQVg3VlRaaWJlT01VVDNrYklwUjY4SFZfdjZQLVlHZEpxYm0tVmpDUFN5a190bUU0MnFnb2VFMFMyQ2E1OWlyQ2djRWwtdWMyN3F5NXRYamZkUmFhMkk4UlFZQXFDOVB2RE9uNjZkdFFMbGZFT0dWOTN4MjZDbXZmMzNSOUNlOXVaZjJGcmM4QnZiM0I3QUhM?oc=5,"""Яндекс"" стал основным претендентом на покупку ""Островка"" - Финам",2026-06-28T04:28:06+00:00,2026-06-28T04:28:06+00:00,Screening record; verify against primary transaction documents.
DL-4ffd21b67b0042b7,2026-05-28,M&A,Potential,Not disclosed,Ozon,Not classified,Russia,30000000000.0,,RUB,,Not disclosed,Not disclosed,,,Not disclosed,Not disclosed,,,Acquisition / disposal,Not disclosed,4,unverified,OZON,RB.ru,https://news.google.com/rss/articles/CBMixAFBVV95cUxOZGNTQll0aVZOSDFubmt0bU5BdWNXNVA0WFZaOFdKa3B1VkctYXdkU25tLVdQSlNjNjFBYzA0ZzFYbVZKRnNKMk9Cb3RkSFYtaVFUR0JVc0pMNkNFUnFaeUdJX1JKRWlqMUZKeHo3UTZNaDU3LUc2RWxDd2FMYTUyUTEtY1dhcHFUVlJ4ZDlDS19SVkF5a0tqS0duRkljSWNNN0NLajJrSDZVdDNNR2ZfNVlyTVBvb0xFOXdFYmtpb2ZjTXRi?oc=5,Сбер может купить долю инвесткомпании АФК «Система» в Ozon за 30 млрд рублей - RB.ru,2026-06-28T04:28:06+00:00,2026-06-28T04:28:06+00:00,Screening record; verify against primary transaction documents.
DL-ca53a880a58471a3,2026-05-28,M&A,Reported,Not disclosed,Ozon,Financials,Not disclosed,,,NOT DISCLOSED,,Not disclosed,Not disclosed,,,Not disclosed,Not disclosed,,,Acquisition / disposal,Not disclosed,4,unverified,OZON,Альфа-Банк,https://news.google.com/rss/articles/CBMihgFBVV95cUxOVVc5b2xRd2dWREJQMEVGcEVKSlhNdFFmTjNGYWVnRkRNbHlmZ29zRGdzUjlrS2VQQjJxM0RhUTh4bnhIWnhNb3ZnQ2VhYmJqdEI1Q0dpVHZOWlNCLXNUanVlYTdhNmQ2TkpGZ1hFVG0xclRWNWZvZUhmeXdua1BtUDNpMm9LZw?oc=5,Сбер забирает Ozon. Инсайд или вброс? Кто выиграет от сделки? - Альфа-Банк,2026-06-28T04:28:06+00:00,2026-06-28T04:28:06+00:00,Screening record; verify against primary transaction documents.
DL-eee2cc5f0b30c3ba,2026-05-28,M&A,Reported,Not disclosed,Ozon,Financials,Not disclosed,,,NOT DISCLOSED,,Not disclosed,Not disclosed,,,Not disclosed,Not disclosed,,,Acquisition / disposal,Not disclosed,4,unverified,OZON,Альфа-Банк,https://news.google.com/rss/articles/CBMihgFBVV95cUxPa1Utd0tlY3RsT1JNSUZEcGdEdG84bFBJYlc0eDVEand3UnppVTduOUZPMUo2UHJ6SmxSSGgwekt6cDFyS3ByZDRxR1RrQjNJWk5VUlB4U2UyM0pSa3FiNnRscllQT19fZ2pEb0xQTU4xdXNXTi1PbWxNTF9LRTg2RTh3VHoyZw?oc=5,"Озон и Сбер, сделки не будет? - Альфа-Банк",2026-06-28T04:28:06+00:00,2026-06-28T04:28:06+00:00,Screening record; verify against primary transaction documents.
DL-54c26c1e05d520bd,2026-05-25,M&A,Reported,Not disclosed,Ozon,Not classified,Not disclosed,,,NOT DISCLOSED,,Shares,Not disclosed,,,Not disclosed,Not disclosed,,,Acquisition / disposal,Not disclosed,4,unverified,OZON,Финам,https://news.google.com/rss/articles/CBMirwFBVV95cUxNckFiOGoyLVd2REpiUVVDaWp6NzF5Y1laekdUZnhnWUJYS3ZteHpxSGd6OElyTUwyZXVFWjgwWmRFclVXbV9FR2xKS2dHZDdoZEZsUEMycy01ZUxUMU03eTBybC1NQlZ5dDVtZHp4NTdVdEhzak9jVlgwZ2ZXTVA0SnIyM0RUTG5saEdQWG5FTDIwUmE1MHllN2xOek1HeXlRS2RtSDhCeFZfaElpRy1F?oc=5,25.05.26 Последний день покупки акций “Озона” под дивиденды - 25 мая - Финам,2026-06-28T04:28:06+00:00,2026-06-28T04:28:06+00:00,Screening record; verify against primary transaction documents.
DL-38b5154e2b53df8c,2026-05-15,ECM,Reported,Ozon,Not applicable,Financials,Not disclosed,,,NOT DISCLOSED,,Not applicable,Not disclosed,,,Not disclosed,Not disclosed,,,Equity issuance,Not disclosed,4,unverified,OZON,Финам,https://news.google.com/rss/articles/CBMi7gFBVV95cUxOVkF3VWdna082MXVoUDVVTnpvUjV1Y2tnMGRwRkYwRlhnUE1RZldyUGVCcklzSWdXQmhMYkRaNi1nZGp5LVdzU3RRWV9kTnpJbFFxU2lCSGR1clk5R3NIaDZHeDRxTUF6VkZHV2F4dTAtS0Jjd1FEM281dU5YZ3lMRWROOVNiT29mVG1EcXRCcmdmaDZ5OFpzTmRHRWpidFMzdjktZHhRMGpxZ0pUZmw0MDRGNjZEMWFPVC1EcFFFa1NFNzJlNk1oUnI1cGFpc2ZDYWk0LUxuaVN1LUdvU25hTXpINjhQZGNHdzJIdElR?oc=5,"Отчетности «Займера», БСП и «Совкомбанка», дивидендный вопрос у «Озона» и «МД Медикал» - основные события 15 мая 15.05.2026 - Финам",2026-06-28T04:28:06+00:00,2026-06-28T04:28:06+00:00,Screening record; verify against primary transaction documents.
DL-32f044efd41bc454,2026-05-15,M&A,Reported,Not disclosed,VKCO,Not classified,Not disclosed,,,NOT DISCLOSED,,Shares,Not disclosed,,,Not disclosed,Not disclosed,,,Acquisition / disposal,Not disclosed,3,unverified,,Интерфакс,https://news.google.com/rss/articles/CBMiUkFVX3lxTE1SRWp6YUhObThSanNWWnBCQjlnX0xPVW1fQzJPSlJxM3JxcVhVTWlJaWZVcW5VNXFTQjU0RkJ6cC0wem9DTUNLZWlXeXZmMDhyUlHSAUtBVV95cUxPaFhNLWM1eThHQVJpOEg0TEpxT1BjRk5IdTEyYmFOdzNCOEluQmtLU3pmcXViOW5PM1gwR3ZsT2RhZEVCLTkwQ1RMZk0?oc=5,Трамп в I квартале совершал сделки с акциями Nvidia и Boeing - Интерфакс,2026-06-28T04:28:06+00:00,2026-06-28T04:28:06+00:00,Screening record; verify against primary transaction documents.
DL-71608263fecb5e53,2026-05-08,DCM,Reported,Делимобиль,Not applicable,Not classified,Russia,1900000000.0,,RUB,,Not applicable,Not disclosed,,,Not disclosed,Not disclosed,,,Bonds,"погашения выпуска облигаций на 1,9 млрд рублей",3,unverified,,Интерфакс,https://news.google.com/rss/articles/CBMiUkFVX3lxTE5rRHd6NXMzNkpDcVZDdVR4NXhZN185LXRRSDMzVzZiUGd4cmNqV1BydzRLTnh4cHJnU19qNnQ1X05XMDl6VnBjVlBXY0NUOUZ3VlHSAUtBVV95cUxQOHVvOS00aURkZ3lDUGZ6Sk9kYTVFSDJhcGNJQk1PVVR2ZFJwWnZlRGZ4eW85TS15QUs4bmkxOWUzQW5PbGpDeUVnOVk?oc=5,"""Делимобиль"" перечислил в НРД средства для погашения выпуска облигаций на 1,9 млрд рублей - Интерфакс",2026-06-28T04:28:06+00:00,2026-06-28T04:28:06+00:00,Screening record; verify against primary transaction documents.
DL-2848bdd8b067faa2,2026-05-05,ECM,Reported,Yandex,Not applicable,Not classified,Russia,50000000000.0,,RUB,,Not applicable,Not disclosed,,,Not disclosed,Not disclosed,,,Equity issuance,Not disclosed,4,unverified,YDEX,БКС Экспресс,https://news.google.com/rss/articles/CBMikwFBVV95cUxPbkRNMVpoTFN4cXlrOWRya3A4SW1Dd09IUHIzMUw3emMzY1hZckpPRWtMclI2aTllZTRQTlRwUmNGNVp4X1hPV041elJSWGhtVS1kM0VGMFpWdmZIcDRmTS04MjBSb3FoVG5xZWdhY0REZkxLMTMxTE1PeF92VW5SRkxDYVNrVGVuNVFTSlRfaFFFeWc?oc=5,Яндекс одобрил выкуп акций на 50 млрд рублей - БКС Экспресс,2026-06-28T04:28:06+00:00,2026-06-28T04:28:06+00:00,Screening record; verify against primary transaction documents.
DL-3d4a31cc3b7936d0,2026-05-04,ECM,Reported,Yandex,Not applicable,Energy,Not disclosed,,,NOT DISCLOSED,,Not applicable,Not disclosed,,,Not disclosed,Not disclosed,,,Equity issuance,Not disclosed,4,unverified,"YDEX, OZON",SberCIB,https://news.google.com/rss/articles/CBMiqgFBVV95cUxQZEltanhoOVlVS2FSRnNObHRXRkJnUEpjZ1VRXzB4czdNUFJOVzVxNU1XcGdxX1gxNmhYcHVrWFh1bXZMRTA5UUZHczhJNlJLYl8wVzdtZmdWYjRQZVB4TDVRNHNURVI1UkhkeVFpNXN4WnhUekFURDhiSlFyZDAtUFMtNW1VR3JEZFUwMEktbmFIYk52Uy02ay1IQTdYZHE2Zm10Vkw1LVBLdw?oc=5,"Результаты Ozon, ДОМ. РФ, дивиденды Яндекса и Татнефти и другие новости недели - SberCIB",2026-06-28T04:28:06+00:00,2026-06-28T04:28:06+00:00,Screening record; verify against primary transaction documents.
DL-6bc0569f7ac374fe,2026-04-27,M&A,Reported,Not disclosed,Ozon,Financials,Not disclosed,,,NOT DISCLOSED,,Shares,Not disclosed,,,Not disclosed,Not disclosed,,,Acquisition / disposal,Not disclosed,4,unverified,OZON,Ведомости,https://news.google.com/rss/articles/CBMifkFVX3lxTE5wcVN1bk9QeWE3N3kxMkdGdndraERVOGhyUndZcTkwSVVWdlhXUkVldXUtRWR5QTlCR3owOHN1QzFPZVVDR0JWMGkweTM2ekRobml3MzJqT3ZyTGFCSTZtTk0yZ3FxOG52ZjA3c203bEJ4UGVIN18xQUJxenBLQQ?oc=5,Путин исключил «Озон банк» из списка с запретом на сделки с акциями и долями - Ведомости,2026-06-28T04:28:06+00:00,2026-06-28T04:28:06+00:00,Screening record; verify against primary transaction documents.
DL-cc671fa6b14f8f28,2026-04-27,M&A,Reported,Not disclosed,Ozon,Financials,Not disclosed,,,NOT DISCLOSED,,Shares,Not disclosed,,,Not disclosed,Not disclosed,,,Acquisition / disposal,Not disclosed,4,unverified,OZON,БКС Экспресс,https://news.google.com/rss/articles/CBMiwgFBVV95cUxORlpPNHotYkNzQVpwd2ptLTRIVmJmelQwVHY5Vjc2Rmd1YzFnMW52R3h3aXlFYkpzc0NfY0NPdWk3RnhUSXhudGhZUWxXeE90WlNpVmRkYlhxSlNHLXFkZ1pLMllFY3VBQUx6bDJUcG13VEVINVlKOTFMUkRkUUx0bllTQ2NQdzBaMENTM3FrN2dMNVFjQ2NKRTVUNG92QWlpcEdtWVFuMWx1dnJRTTFWS1paVllydW9oeUU0NjNUVjhCUQ?oc=5,"Ozon Банк исключен из перечня банков, с акциями которых запрещены сделки - БКС Экспресс",2026-06-28T04:28:06+00:00,2026-06-28T04:28:06+00:00,Screening record; verify against primary transaction documents.
DL-2d1ef3023240f32a,2026-04-27,M&A,Reported,Not disclosed,Ozon,Financials,Not disclosed,,,NOT DISCLOSED,,Shares,Not disclosed,,,Not disclosed,Not disclosed,,,Acquisition / disposal,Not disclosed,4,unverified,OZON,Главпортал,https://news.google.com/rss/articles/CBMifEFVX3lxTE5vODZHWnJJX1RoLWU3X2RfSGpCZFZrN2xZeGtyOVVzSENxQzlaQTEwV3pCNXBuOG9JRnVfTkdxOGl5N3RJTGhDVVh0YXdBbTY5dnlZYWRjVkJ5MTFROHhTQUVvdjEwS3BpYUtmSG12YmVocnBnVmVpVmN0ZzQ?oc=5,Путин разрешил сделки с акциями «Озон банка» - Главпортал,2026-06-28T04:28:06+00:00,2026-06-28T04:28:06+00:00,Screening record; verify against primary transaction documents.
DL-0bceebeca9933dc3,2026-04-20,DCM,Reported,Ozon,Not applicable,Financials,Not disclosed,,,NOT DISCLOSED,,Not applicable,Not disclosed,,,Not disclosed,Not disclosed,,,Bonds,Not disclosed,4,unverified,OZON,Альфа-Банк,https://news.google.com/rss/articles/CBMihgFBVV95cUxOR21Vd1RCOGpSRktSR2g3Mm11emdNTHVpLTlESXFfUVc5SFZFYkZYTWcwZ1kxc2ZUU1lPVWo3UmRjQXl4SFREaElpVTZvZktVMW43QXhNU2ZHal9hSHQ0bkttRV8xa1BVbHRHSENoSE5GblYwZElISUxNbG1fSG1uWUJ0QVgtZw?oc=5,Облигации Озона: заработай на маркетплейсе - Альфа-Банк,2026-06-28T04:28:06+00:00,2026-06-28T04:28:06+00:00,Screening record; verify against primary transaction documents.
DL-c10daba8af8e67d8,2026-04-16,M&A,Reported,Not disclosed,VK,Financials,Not disclosed,21200000000.0,,RUB,25.0,Shares,Not disclosed,,,Not disclosed,Not disclosed,,,Acquisition / disposal,Not disclosed,6,unverified,VKCO,RB.ru,https://news.google.com/rss/articles/CBMiuAFBVV95cUxNQlJkLWo5eXZTSkZxSWU5NjF5TVJ0N1lYdXJqSzlFUGFMdk5jVEZMak1HeDE2SDZNcDduc3hENHkzaW8wWTVfWjN1QmpodGdYdDRLVXpua0pBUUs0MzVBX3lnOHlkVkJhVGdLNDlESDNRYmNmaDFaamJZVHdJRGhpX25lSkNmcmZ2dWZhZnhja2NwcXVnelJZVjg0Z1Flakd2VGl0MGRwUVdTTGtYYlNFcUYxSXdYaGY5?oc=5,"VK продал 25% акций Точка Банка: сделку оценили в 21,2 млрд ₽ — вдвое выше изначальной стоимости бумаг - RB.ru",2026-06-28T04:28:06+00:00,2026-06-28T04:28:06+00:00,Screening record; verify against primary transaction documents.
DL-4d20ecb8f5c75dad,2026-04-16,M&A,Reported,Not disclosed,VK,Financials,Russia,21200000000.0,,RUB,,Not disclosed,Not disclosed,,,Not disclosed,Not disclosed,,,Acquisition / disposal,Not disclosed,4,unverified,VKCO,Ведомости,https://news.google.com/rss/articles/CBMifkFVX3lxTE1vSUlEOTl2cU5jckxzemNzN2oyNVZaX203N1VWRkpuZXNwYV9sdUNGMTZPTHhiNm5LWFBmdFM0QkFTRjFPczd4VEFlTEZpRzhiakF2ZGh5UU5kamRvbnFRTDE5dG8zOF9HRkk5MDUwVzBWbU9qWEN0MDhIdTJNUQ?oc=5,"VK продала долю в «Точка банке» по цене не менее 21,2 млрд рублей - Ведомости",2026-06-28T04:28:06+00:00,2026-06-28T04:28:06+00:00,Screening record; verify against primary transaction documents.
DL-dfc59ea0a0794532,2026-04-16,M&A,Reported,Not disclosed,VK,Financials,Not disclosed,,,NOT DISCLOSED,,Not disclosed,Not disclosed,,,Not disclosed,Not disclosed,,,Acquisition / disposal,предпринимателей,4,unverified,VKCO,CNews.ru,https://news.google.com/rss/articles/CBMigAFBVV95cUxOeU1NOHJNay1uUm9TdlpGcWh4YkNXN3J0clFCT2JrM0t5T3hwTmtTRlJXUWpyeVBYbnltZlB0dnpqLWxhTUxQNW9wQU1LeG5sTjVzT1NNQlFlY0Jpb1REMGhyWG1wSUM0STZXbFFaNndzQ1A1MlVvMFN3RmlmOW4tXw?oc=5,VK продал свою долю в виртуальном банке для предпринимателей - CNews.ru,2026-06-28T04:28:06+00:00,2026-06-28T04:28:06+00:00,Screening record; verify against primary transaction documents.
DL-1363a495ec14164a,2026-04-03,DCM,Reported,Ozon,Not applicable,Not classified,Russia,15000000000.0,,RUB,,Not applicable,Not disclosed,,,Not disclosed,Not disclosed,,,Bonds,Not disclosed,4,unverified,OZON,https://expert.ru,https://news.google.com/rss/articles/CBMiigFBVV95cUxNVmVRdkQ4RElHdURKbmVDQU9NbVRmZTd0Z3NiM3JzMjFhZzNzQzVPMnhzNHFER2VsYVAyWEpwVlg4c24zZUozY1ZNUFQxNDMxakR1Q1J0RFhhbkRxbUZYTmgtc3N3UzhsckljT1lpZTFvaXJKeGlTblNyNlNWb2JhOWFSVXZJWjZ0Rmc?oc=5,Ozon анонсировал размещение облигаций на 15 млрд рублей - https://expert.ru,2026-06-28T04:28:06+00:00,2026-06-28T04:28:06+00:00,Screening record; verify against primary transaction documents.
DL-12855c6275c496fe,2026-04-03,DCM,Announced,Ozon,Not applicable,Not classified,Not disclosed,,,NOT DISCLOSED,,Not applicable,Not disclosed,,,Not disclosed,Not disclosed,,,Bonds,Not disclosed,4,unverified,OZON,БКС Экспресс,https://news.google.com/rss/articles/CBMipgFBVV95cUxNTmtrN3N0YVN0c0NuVnBscUJvbzdVbWZ5OXczRTkySkx1T1hKdWJvZlFWNEFqbkxhRmpXVEVQZUdIcjdOZkNFRnJhX1huRGRmelhla1RRTURfejMzd2FIMU9ZcmQ4REtOWWEyZ3JhLUgwSmI2UDhJM2s4TkNRekY0T3ZtcEJNbUYzNTQzOXRITGxsN1A0N1duQ3FKeE5fTXIxMUVJTlh3?oc=5,Озон планирует дебютное размещение биржевых облигаций - БКС Экспресс,2026-06-28T04:28:06+00:00,2026-06-28T04:28:06+00:00,Screening record; verify against primary transaction documents.
DL-d39c99c4c2dfa45c,2026-03-30,DCM,Reported,VK,Not applicable,Not classified,Russia,10000000000.0,,RUB,,Not applicable,Not disclosed,,,Not disclosed,Not disclosed,,,Bonds,Not disclosed,4,unverified,VKCO,vk.company,https://news.google.com/rss/articles/CBMiUkFVX3lxTE1WcXUxeUFkWFdQQUk3U0o0RDBfeTdxa3IxV0dWLXRZZXRjWWo1M0NBOUJfeVUwNHRuMUxaOVBKVXdjSWstd1paRHFfX2lpT1VpV0E?oc=5,VK объявляет о планах по размещению биржевых облигаций объемом 10 млрд рублей - vk.company,2026-06-28T04:28:06+00:00,2026-06-28T04:28:06+00:00,Screening record; verify against primary transaction documents.
DL-b9babb23f2c4462c,2026-03-30,DCM,Reported,VK,Not applicable,Not classified,Not disclosed,,,NOT DISCLOSED,,Not applicable,Not disclosed,,,Not disclosed,Not disclosed,,,Bonds,Not disclosed,4,unverified,VKCO,Финам,https://news.google.com/rss/articles/CBMiwAFBVV95cUxPR3ZFSWgwcm9TTW9rSTlBM0VaYncwM3dBZ0N0OUhwWFBnYVZLc3EtZkNrOE5RLUFjczJ5b25yNURHX0RvYkNPbUFfTlhiSkU3U185NFM0b3R3ZVJVbVEweXI4Q1hRVDBwN3dlcHpocDFYTmRYalh4d1Q1RVU3M1JHZ18ydXdQc2s0OUJGQTJwOFRydlNZOTNJbkItdEtZQVRyb3BMWU5fY082ZHZzbDdNbmNRZWJHRUVhd0FIUkhtX28?oc=5,VK размещает облигации: как это отразится на инвесторах в акции 30.03.2026 - Финам,2026-06-28T04:28:06+00:00,2026-06-28T04:28:06+00:00,Screening record; verify against primary transaction documents.
